{
  "measurements": [
    {
      "id": "mtm437ca658_ca0c_4727_8906_88aeb4e84764",
      "accessPoint": "link",
      "companyId": "Workwear Company",
      "createdAtDT": "Fri, 11 Jul 2025 13:12:08 GMT",
      "measurements": {
        "age": 26,
        "arms_aboveElbow_left_circumference_1": 37.80822953220468,
        "arms_aboveElbow_left_linear_1": 13.573059914149205,
        "arms_aboveElbow_right_circumference_1": 35.53096670931424,
        "arms_aboveElbow_right_linear_1": 57.10021564156149,
        "arms_belowElbow_left_circumference_1": 30.44385440575752,
        "arms_belowElbow_left_circumference_2": 17.73339705717742,
        "arms_belowElbow_right_circumference_1": 30.237257568921077,
        "arms_belowElbow_right_circumference_2": 17.64170390851796,
        "arms_whole_left_linear_1": 58.78891561594473,
        "arms_whole_right_linear_1": 58.78891561594473,
        "body_abs_none_circumference_1": 96.21322265647338,
        "body_abs_none_circumference_2": 115.21021348402166,
        "body_abs_none_circumference_3": 114.94394509392126,
        "body_abs_none_circumference_5": 107.63226563540397,
        "body_abs_none_linear_1": 38.22718753473503,
        "body_abs_none_linear_2": 38.49451052448842,
        "body_chest_left_linear_1": 11.757458559184908,
        "body_chest_none_circumference_1": 106.70836363724752,
        "body_chest_none_circumference_2": 120.54371032196585,
        "body_chest_none_circumference_3": 111.97426587940521,
        "body_chest_none_linear_1": 38.27081423794447,
        "body_chest_none_linear_2": 41.753723673756326,
        "body_chest_none_linear_3": 31.389497051205833,
        "body_chest_none_linear_4": 40.8257266616472,
        "body_chest_right_linear_1": 11.757458559184908,
        "body_diaphragm_none_circumference_1": 111.4153500382202,
        "body_diaphragm_none_linear_1": 38.22718753473503,
        "body_pelvis_none_circumference_1": 107.01748451413994,
        "body_pelvis_none_circumference_2": 128.84797288241188,
        "body_pelvis_none_contour_1": 94.18160771523377,
        "body_pelvis_none_linear_1": 39.87790699646222,
        "body_pelvis_none_linear_2": 90.5801167940835,
        "body_pelvis_none_linear_3": 106.95144286352846,
        "body_whole_none_contour_1": 53.55205046984861,
        "body_whole_none_linear_1": 62.366835180453116,
        "gender": "male",
        "head_neck_none_circumference_1": 40.16134601914012,
        "head_neck_none_circumference_2": 46.11477586704664,
        "head_neck_none_linear_1": 5.467970244955741,
        "head_neck_none_linear_2": 12.296857528656023,
        "height": 180,
        "legs_aboveKnee_left_circumference_1": 47.194287839611164,
        "legs_aboveKnee_left_circumference_2": 47.194287839611164,
        "legs_aboveKnee_left_circumference_3": 57.585105107384564,
        "legs_aboveKnee_left_circumference_4": 57.585105107384564,
        "legs_aboveKnee_left_circumference_5": 61.946790722984495,
        "legs_aboveKnee_left_linear_1": 19.53888034197518,
        "legs_aboveKnee_left_linear_2": 14.702764436436551,
        "legs_aboveKnee_right_circumference_1": 48.97520436186063,
        "legs_aboveKnee_right_circumference_2": 48.97520436186063,
        "legs_aboveKnee_right_circumference_3": 58.613410555730724,
        "legs_aboveKnee_right_circumference_4": 61.80801281525943,
        "legs_aboveKnee_right_circumference_5": 62.30509804365266,
        "legs_aboveKnee_right_linear_1": 20.122130501437127,
        "legs_aboveKnee_right_linear_2": 13.366149487669592,
        "legs_belowKnee_left_circumference_1": 40.995625875068875,
        "legs_belowKnee_left_circumference_2": 25.464732850997553,
        "legs_belowKnee_left_circumference_3": 34.97603650655854,
        "legs_belowKnee_left_circumference_4": 48.68412629465922,
        "legs_belowKnee_left_circumference_5": 48.97520436186063,
        "legs_belowKnee_left_circumference_6": 45.445377554646115,
        "legs_belowKnee_left_circumference_7": 47.49377588785318,
        "legs_belowKnee_left_linear_1": 12.600000000000001,
        "legs_belowKnee_left_linear_2": 23.400000000000002,
        "legs_belowKnee_left_linear_3": 34.2,
        "legs_belowKnee_left_linear_4": 44.1,
        "legs_belowKnee_right_circumference_1": 40.25357732413159,
        "legs_belowKnee_right_circumference_2": 25.64520775557216,
        "legs_belowKnee_right_circumference_3": 36.0047434626338,
        "legs_belowKnee_right_circumference_4": 41.27567229329804,
        "legs_belowKnee_right_circumference_5": 44.522913056236945,
        "legs_belowKnee_right_circumference_6": 42.87299769306241,
        "legs_belowKnee_right_circumference_7": 48.89065164926063,
        "legs_belowKnee_right_linear_1": 12.600000000000001,
        "legs_belowKnee_right_linear_2": 23.400000000000002,
        "legs_belowKnee_right_linear_3": 34.2,
        "legs_belowKnee_right_linear_4": 44.1,
        "legs_whole_left_contour_1": 86.05619896830497,
        "legs_whole_left_contour_2": 96.92363773027094,
        "legs_whole_left_linear_1": 86.05619896830497,
        "legs_whole_left_linear_2": 50.400000000000006,
        "legs_whole_left_linear_3": 69.3,
        "legs_whole_left_linear_4": 79.2,
        "legs_whole_none_linear_1": 81.52210511467514,
        "legs_whole_none_linear_2": 74.11595953314078,
        "legs_whole_none_linear_3": 68.11595953314078,
        "legs_whole_none_linear_4": 73.9984795057467,
        "legs_whole_right_contour_1": 86.05619896830497,
        "legs_whole_right_contour_2": 96.92363773027094,
        "legs_whole_right_linear_1": 86.05619896830497,
        "legs_whole_right_linear_2": 50.400000000000006,
        "legs_whole_right_linear_3": 69.3,
        "legs_whole_right_linear_4": 79.2,
        "stature": 180,
        "weight": 85,
        "whole_none_left_contour_1": 67.60098851069134,
        "whole_none_none_linear_1": 147.77784665768948,
        "whole_none_right_contour_1": 67.60098851069134
      },
      "status": "done",
      "updatedAtDT": "Fri, 11 Jul 2025 13:12:08 GMT",
      "results": [
        "0jMUzD6k5xRWR4fHXCud",
        "1FnvFYyc8yfnSXhcvYGA",
        "FiIxlohdAe5ROZLYdLoo",
        "HEwW7itvTHFfPTSLqbey",
        "OuTCLEBYZnVpyqvCosz9",
        "TF5AidZ0QNXkPQgFOCqO",
        "UlmtNhey8JKbunyI6Q2w",
        "tq3f9HMwt7IUqOxIIyMy"
      ]
    },
    {
      "id": "mtmbc6e7b3e_7985_43ef_ada8_d147e1145337",
      "accessPoint": "link",
      "benchmarkTextfield": "",
      "companyId": "Workwear Company",
      "createdAtDT": "Fri, 04 Jul 2025 08:31:03 GMT",
      "measurements": {
        "age": 25,
        "arms_aboveElbow_left_circumference_1": 27.674065367312654,
        "arms_aboveElbow_left_linear_1": 8.132671736481319,
        "arms_aboveElbow_right_circumference_1": 27.687151404428533,
        "arms_aboveElbow_right_linear_1": 8.150724304169355,
        "arms_belowElbow_left_circumference_1": 24.648473078095467,
        "arms_belowElbow_left_circumference_2": 15.283685447614287,
        "arms_belowElbow_right_circumference_1": 24.740283502841496,
        "arms_belowElbow_right_circumference_2": 15.342917979708263,
        "arms_whole_left_linear_1": 57.74367129029436,
        "arms_whole_right_linear_1": 57.74367129029436,
        "body_abs_none_circumference_1": 80.74480913052656,
        "body_abs_none_circumference_2": 101.80668827398891,
        "body_abs_none_circumference_3": 105.56374719805908,
        "body_abs_none_circumference_5": 98.67326059813584,
        "body_abs_none_linear_1": 33.94571943739851,
        "body_abs_none_linear_2": 36.12794425837413,
        "body_chest_left_linear_1": 8.590834696711019,
        "body_chest_none_circumference_1": 90.90110960230795,
        "body_chest_none_circumference_2": 118.79984170086186,
        "body_chest_none_circumference_3": 204.70928938402355,
        "body_chest_none_linear_1": 33.18661922675813,
        "body_chest_none_linear_2": 39.32256257569288,
        "body_chest_none_linear_3": 29.531033573809637,